{
  "id": "",
  "name": "",
  "font_family": "iconfont",
  "css_prefix_text": "icon-",
  "description": "",
  "glyphs": [
    {
      "icon_id": "338465",
      "name": "评论",
      "font_class": "pinglun",
      "unicode": "e628",
      "unicode_decimal": 58920
    },
    {
      "icon_id": "1272132",
      "name": "点赞",
      "font_class": "dianzan",
      "unicode": "e60a",
      "unicode_decimal": 58890
    },
    {
      "icon_id": "6235462",
      "name": "点赞",
      "font_class": "duomeitiicon-",
      "unicode": "e617",
      "unicode_decimal": 58903
    }
  ]
}
